<?xml version="1.0" encoding="UTF-8"?>
<!--
 [y] hybris Platform

 Copyright (c) 2000-2015 hybris AG
 All rights reserved.

 This software is the confidential and proprietary information of hybris
 ("Confidential Information"). You shall not disclose such Confidential
 Information and shall use it only in accordance with the terms of the
 license agreement you entered into with hybris.
-->

<beans xmlns="http://www.springframework.org/schema/beans"
       xmlns:xsi="http://www.w3.org/2001/XMLSchema-instance"
       xmlns:aop="http://www.springframework.org/schema/aop"
       xmlns:context="http://www.springframework.org/schema/context"
       xsi:schemaLocation="http://www.springframework.org/schema/beans
           http://www.springframework.org/schema/beans/spring-beans.xsd
           http://www.springframework.org/schema/aop
           http://www.springframework.org/schema/aop/spring-aop.xsd
           http://www.springframework.org/schema/context
           http://www.springframework.org/schema/context/spring-context.xsd">
           
    <context:annotation-config/> 

	<context:component-scan base-package="com.styla"
		scope-resolver="de.hybris.platform.spring.IgnoreTenantScopeMetadataResolver" />


	<!-- Expose /acceleratoraddon/web/webroot/WEB-INF/messages/base.js.properties  resource bundle as javascript variables -->
	<bean id="defaultStylaaddonJavaScriptMessageResourceAccessor" parent="abstractJavaScriptMessageResourceAccessor">
		<property name="addOnName" value="stylaaddon"/>
	</bean>

	<bean id="defaultStylaaddonBeforeViewJsPropsHandlerAdaptee" parent="abstractBeforeViewJsPropsHandlerAdaptee" class="de.hybris.platform.addonsupport.interceptors.ExportJsPropertiesBeforeViewHandler">
		<property name="messageSource" ref="defaultStylaaddonJavaScriptMessageResourceAccessor"/>
	</bean>

	<bean id="getStylaaddonBeforeViewHandler" parent="beforeViewHandlerAdapter">
		<property name="adaptee">
			<ref bean="defaultStylaaddonBeforeViewJsPropsHandlerAdaptee"/>
		</property>
	</bean>
	<bean id="StylaaddonBeforeViewHandlerListMergeDirective" depends-on="beforeViewHandlersList" parent="listMergeDirective">
		<property name="add" ref="getStylaaddonBeforeViewHandler"/>
	</bean>

</beans>
